{
  "greet": {
    "precision": 1.0,
    "recall": 1.0,
    "f1-score": 1.0,
    "support": 9
  },
  "first_step": {
    "precision": 1.0,
    "recall": 1.0,
    "f1-score": 1.0,
    "support": 11
  },
  "complete_recipe": {
    "precision": 0.9473684210526315,
    "recall": 0.9473684210526315,
    "f1-score": 0.9473684210526315,
    "support": 19
  },
  "deny": {
    "precision": 1.0,
    "recall": 1.0,
    "f1-score": 1.0,
    "support": 6
  },
  "search_recipe": {
    "precision": 1.0,
    "recall": 1.0,
    "f1-score": 1.0,
    "support": 22
  },
  "last_step": {
    "precision": 0.9,
    "recall": 0.9,
    "f1-score": 0.9,
    "support": 10
  },
  "affirm": {
    "precision": 1.0,
    "recall": 1.0,
    "f1-score": 1.0,
    "support": 8
  },
  "previous_step": {
    "precision": 1.0,
    "recall": 1.0,
    "f1-score": 1.0,
    "support": 14
  },
  "next_step": {
    "precision": 1.0,
    "recall": 1.0,
    "f1-score": 1.0,
    "support": 18
  },
  "goodbye": {
    "precision": 1.0,
    "recall": 1.0,
    "f1-score": 1.0,
    "support": 5
  },
  "micro avg": {
    "precision": 0.9836065573770492,
    "recall": 0.9836065573770492,
    "f1-score": 0.9836065573770492,
    "support": 122
  },
  "macro avg": {
    "precision": 0.9847368421052632,
    "recall": 0.9847368421052632,
    "f1-score": 0.9847368421052632,
    "support": 122
  },
  "weighted avg": {
    "precision": 0.9836065573770492,
    "recall": 0.9836065573770492,
    "f1-score": 0.9836065573770492,
    "support": 122
  }
}